{
  "student": [
    {
      "id": "001***",
      "username": "Piyush",
      "password": "Piyush@123/",
      "Maths": {
        "marks": "79",
        "grade": "A"
      },
      "Algebra": {
        "marks": "89",
        "grade": "A+"
      },
      "Science": {
        "marks": "82",
        "grade": "A"
      },
      "Biology": {
        "marks": "91",
        "grade": "A+"
      },
      "History": {
        "marks": "77",
        "grade": "A"
      },
      "Music": {
        "marks": "88",
        "grade": "A+"
      },
      "Art": {
        "marks": "85",
        "grade": "A"
      },
      "PE": {
        "marks": "90",
        "grade": "A+"
      },
      "dob": "10/OCTOBER/****",
      "email": "piyushkumar*****@gmail.com"
    },

    {
      "id": "002***",
      "username": "Akash kumar",
      "password": "Akashh@123/",
      "Maths": {
        "marks": "99",
        "grade": "A++"
      },
      "Algebra": {
        "marks": "89",
        "grade": "A+"
      },
      "Science": {
        "marks": "82",
        "grade": "A"
      },
      "Biology": {
        "marks": "91",
        "grade": "A+"
      },
      "History": {
        "marks": "97",
        "grade": "A++"
      },
      "Music": {
        "marks": "88",
        "grade": "A+"
      },
      "Art": {
        "marks": "95",
        "grade": "A"
      },
      "PE": {
        "marks": "90",
        "grade": "A+"
      },
      "dob": "01/MARCH/1998",
      "email": "akashkumar***@gmail.com"
    }

  ],
  "profiles": [
    {
      "id": "001***",
      "username": "Piyush",
      "password": "Piyush@123/",
      "BloodStudent": "O+",
      "Email": "piyushkumar*****@gmail.com",
      "Phoneno": "72**65**10",
      "fatherName": "",
      "fatherMobile": "1234567890",
      "fatherEmail": "abc@abc.com",
      "BloodGroup": "O+",
      "class": "",
      "division": "",
      "motherName": "",
      "BloodMOTHER": "O+",
      "motherMobile": "1234567890",
      "motherEmail": "abc@abc.com",
      "Address": "MAA BHAWANI COMPLEX, JAYANAGAR BENGALURU KARNATAKA, ZIP CODE: 560041",
      "DOB": "10/OCTOBER/****"
    },
    {

      "id": "002***",
      "username": "Akash kumar",
      "password": "Akashh@123/",
      "Email": "akashkumar***@gmail.com",
      "Phoneno": "7222**8810",
      "fatherName": "RKM",
      "fatherMobile": "1234567890",
      "fatherEmail": "abc@abc.com",
      "BloodGroup": "O+",
      "class": "MCA",
      "division": "MCA",
      "motherName": "KKM",
      "BloodMOTHER": "O+",
      "motherMobile": "1234567890",
      "motherEmail": "abc@abc.com",
      "Address": "BHAWANI COMPLEX, BENGALURU KARNATAKA, ZIP CODE: 560041",
      "DOB": "01/MARCH/1998"

    }
  ]

}